epoch,dino_collapse_flag,dino_feat_mean_cos,dino_knn_top1_k10,dino_knn_top1_k20,dino_teacher_entropy,dino_teacher_entropy_is_centered,dino_teacher_entropy_norm,loss,val_dino_collapse_flag,val_dino_feat_mean_cos,val_dino_knn_top1_k10,val_dino_knn_top1_k20,val_dino_teacher_entropy,val_dino_teacher_entropy_is_centered,val_dino_teacher_entropy_norm,val_loss
0,0.0,0.246699450558289,0.275390625,0.26953125,8.265841547704238,1.0,0.9937573841372382,8.136433601379395,NA,NA,NA,NA,NA,NA,NA,NA
1,nan,nan,nan,nan,nan,nan,nan,7.886061668395996,NA,NA,NA,NA,NA,NA,NA,NA
2,nan,nan,nan,nan,nan,nan,nan,7.504527568817139,NA,NA,NA,NA,NA,NA,NA,NA
3,nan,nan,nan,nan,nan,nan,nan,7.172582626342773,NA,NA,NA,NA,NA,NA,NA,NA
4,0.0,0.2812837122001023,0.3115234375,0.302734375,7.495432447652713,1.0,0.9011352684622329,6.933664321899414,NA,NA,NA,NA,NA,NA,NA,NA
5,nan,nan,nan,nan,nan,nan,nan,6.760164737701416,NA,NA,NA,NA,NA,NA,NA,NA
6,nan,nan,nan,nan,nan,nan,nan,6.625164985656738,NA,NA,NA,NA,NA,NA,NA,NA
7,nan,nan,nan,nan,nan,nan,nan,6.5088982582092285,NA,NA,NA,NA,NA,NA,NA,NA
8,0.0,0.2829340092196758,0.33203125,0.3271484375,7.206055822648135,1.0,0.8663450833086254,6.452507972717285,NA,NA,NA,NA,NA,NA,NA,NA
9,nan,nan,nan,nan,nan,nan,nan,6.331559658050537,NA,NA,NA,NA,NA,NA,NA,NA
10,nan,nan,nan,nan,nan,nan,nan,6.306027412414551,NA,NA,NA,NA,NA,NA,NA,NA
11,nan,nan,nan,nan,nan,nan,nan,6.203465461730957,NA,NA,NA,NA,NA,NA,NA,NA
12,0.0,0.27053760967831875,0.3447265625,0.3662109375,7.045478270711006,1.0,0.8470397134871432,6.141891002655029,NA,NA,NA,NA,NA,NA,NA,NA
13,nan,nan,nan,nan,nan,nan,nan,6.057560443878174,NA,NA,NA,NA,NA,NA,NA,NA
14,nan,nan,nan,nan,nan,nan,nan,6.031051158905029,NA,NA,NA,NA,NA,NA,NA,NA
15,nan,nan,nan,nan,nan,nan,nan,5.962172985076904,NA,NA,NA,NA,NA,NA,NA,NA
16,0.0,0.24621909105643208,0.35546875,0.3740234375,6.878385018879024,1.0,0.8269509963384757,5.895836353302002,NA,NA,NA,NA,NA,NA,NA,NA
17,nan,nan,nan,nan,nan,nan,nan,5.84407377243042,NA,NA,NA,NA,NA,NA,NA,NA
18,nan,nan,nan,nan,nan,nan,nan,5.804098129272461,NA,NA,NA,NA,NA,NA,NA,NA
19,nan,nan,nan,nan,nan,nan,nan,5.756307601928711,NA,NA,NA,NA,NA,NA,NA,NA
20,0.0,0.25566879861845115,0.380859375,0.3876953125,6.709289332190933,1.0,0.806621537286757,5.70687198638916,NA,NA,NA,NA,NA,NA,NA,NA
21,nan,nan,nan,nan,nan,nan,nan,5.608255386352539,NA,NA,NA,NA,NA,NA,NA,NA
22,nan,nan,nan,nan,nan,nan,nan,5.523238658905029,NA,NA,NA,NA,NA,NA,NA,NA
23,nan,nan,nan,nan,nan,nan,nan,5.511022090911865,NA,NA,NA,NA,NA,NA,NA,NA
24,0.0,0.26504617414996073,0.39453125,0.4130859375,6.569034148177174,1.0,0.7897594157504555,5.482092380523682,NA,NA,NA,NA,NA,NA,NA,NA
25,nan,nan,nan,nan,nan,nan,nan,5.407854080200195,NA,NA,NA,NA,NA,NA,NA,NA
26,nan,nan,nan,nan,nan,nan,nan,5.382090091705322,NA,NA,NA,NA,NA,NA,NA,NA
27,nan,nan,nan,nan,nan,nan,nan,5.296525001525879,NA,NA,NA,NA,NA,NA,NA,NA
28,0.0,0.2639613089087849,0.4013671875,0.4228515625,6.440972392651814,1.0,0.7743632441151245,5.278379440307617,NA,NA,NA,NA,NA,NA,NA,NA
29,nan,nan,nan,nan,nan,nan,nan,5.232949256896973,NA,NA,NA,NA,NA,NA,NA,NA
30,nan,nan,nan,nan,nan,nan,nan,5.197786331176758,NA,NA,NA,NA,NA,NA,NA,NA
31,nan,nan,nan,nan,nan,nan,nan,5.1265668869018555,NA,NA,NA,NA,NA,NA,NA,NA
32,0.0,0.2787631746144546,0.4267578125,0.4375,6.408789321698505,1.0,0.7704940477097147,5.084625244140625,NA,NA,NA,NA,NA,NA,NA,NA
33,nan,nan,nan,nan,nan,nan,nan,5.078903675079346,NA,NA,NA,NA,NA,NA,NA,NA
34,nan,nan,nan,nan,nan,nan,nan,5.0280327796936035,NA,NA,NA,NA,NA,NA,NA,NA
35,nan,nan,nan,nan,nan,nan,nan,5.004939556121826,NA,NA,NA,NA,NA,NA,NA,NA
36,0.0,0.27591430995038185,0.4189453125,0.4384765625,6.341700591060929,1.0,0.762428332793851,4.96694803237915,NA,NA,NA,NA,NA,NA,NA,NA
37,nan,nan,nan,nan,nan,nan,nan,4.948384761810303,NA,NA,NA,NA,NA,NA,NA,NA
38,nan,nan,nan,nan,nan,nan,nan,4.905560493469238,NA,NA,NA,NA,NA,NA,NA,NA
39,nan,nan,nan,nan,nan,nan,nan,4.842551231384277,NA,NA,NA,NA,NA,NA,NA,NA
40,0.0,0.2803977432367201,0.4345703125,0.4453125,6.301910739044548,1.0,0.757644614278706,4.818492412567139,NA,NA,NA,NA,NA,NA,NA,NA
41,nan,nan,nan,nan,nan,nan,nan,4.808852672576904,NA,NA,NA,NA,NA,NA,NA,NA
42,nan,nan,nan,nan,nan,nan,nan,4.787844181060791,NA,NA,NA,NA,NA,NA,NA,NA
43,nan,nan,nan,nan,nan,nan,nan,4.734292984008789,NA,NA,NA,NA,NA,NA,NA,NA
44,0.0,0.27819562781129686,0.4345703125,0.4521484375,6.279865950067441,1.0,0.7549942886341463,4.7504048347473145,NA,NA,NA,NA,NA,NA,NA,NA
45,nan,nan,nan,nan,nan,nan,nan,4.722272872924805,NA,NA,NA,NA,NA,NA,NA,NA
46,nan,nan,nan,nan,nan,nan,nan,4.695168495178223,NA,NA,NA,NA,NA,NA,NA,NA
47,nan,nan,nan,nan,nan,nan,nan,4.66024112701416,NA,NA,NA,NA,NA,NA,NA,NA
48,0.0,0.27786139668897597,0.4384765625,0.4638671875,6.22972178100203,1.0,0.7489657266307992,4.652111530303955,NA,NA,NA,NA,NA,NA,NA,NA
49,nan,nan,nan,nan,nan,nan,nan,4.635387897491455,NA,NA,NA,NA,NA,NA,NA,NA
50,nan,nan,nan,nan,nan,nan,nan,4.602005481719971,NA,NA,NA,NA,NA,NA,NA,NA
51,nan,nan,nan,nan,nan,nan,nan,4.6248579025268555,NA,NA,NA,NA,NA,NA,NA,NA
52,0.0,0.2716125055170369,0.443359375,0.466796875,6.212334344910634,1.0,0.7468753293122299,4.651378154754639,NA,NA,NA,NA,NA,NA,NA,NA
53,nan,nan,nan,nan,nan,nan,nan,4.599120616912842,NA,NA,NA,NA,NA,NA,NA,NA
54,nan,nan,nan,nan,nan,nan,nan,4.6313910484313965,NA,NA,NA,NA,NA,NA,NA,NA
55,nan,nan,nan,nan,nan,nan,nan,4.606057643890381,NA,NA,NA,NA,NA,NA,NA,NA
56,0.0,0.26897420958369844,0.443359375,0.4677734375,6.220508307384947,1.0,0.7478580405727386,4.592469215393066,NA,NA,NA,NA,NA,NA,NA,NA
57,nan,nan,nan,nan,nan,nan,nan,4.609677791595459,NA,NA,NA,NA,NA,NA,NA,NA
58,nan,nan,nan,nan,nan,nan,nan,4.58490514755249,NA,NA,NA,NA,NA,NA,NA,NA
59,nan,nan,nan,nan,nan,nan,nan,4.571490287780762,NA,NA,NA,NA,NA,NA,NA,NA
